epoch,step,train_loss_epoch
0,2,0.09488606452941895
1,5,0.08063915371894836
2,8,0.07061484456062317
3,11,0.06674156337976456
4,14,0.06285811215639114
