epoch,step,train_loss_epoch
0,2,0.13353754580020905
1,5,0.11381513625383377
2,8,0.10399568825960159
3,11,0.09271179884672165
4,14,0.0849444791674614
