epoch,step,train_loss_epoch
0,2,0.11680039018392563
1,5,0.1020982563495636
2,8,0.09340556710958481
3,11,0.08639028668403625
4,14,0.0806155800819397
