epoch,step,train_loss_epoch
0,2,0.12040077894926071
1,5,0.1099930927157402
2,8,0.09991654008626938
3,11,0.09457820653915405
4,14,0.08724629133939743
